{"cameraMode":{"drawMode":0,"name":"Shaded","section":"Shading Mode"},"sceneLighting":true,"audioPlay":false,"sceneViewState":{"showFog":true,"showMaterialUpdate":false,"showSkybox":false,"showFlares":true,"showImageEffects":true,"showParticleSystems":true},"in2DMode":false,"pivot":{"x":98.29397583007813,"y":-15.002796173095704,"z":95.46173858642578},"rotation":{"x":0.46925443410873415,"y":0.050280120223760608,"z":-0.026775378733873369,"w":0.8812257051467896},"size":125.64754486083985,"orthographic":false}